5E-CF-7F-01-85-56,5ECF7F018556,5C-CF-7F-01-85-56,5CCF7F018556
5E-CF-7F-01-85-56,5ECF7F018556,5C-CF-7F-01-85-56,5CCF7F018556
86-0D-8E-A4-8C-79,860D8EA48C79,84-0D-8E-A4-8C-79,840D8EA48C79
86-0D-8E-A4-8C-79,860D8EA48C79,84-0D-8E-A4-8C-79,840D8EA48C79
86-0D-8E-A4-8C-79,860D8EA48C79,84-0D-8E-A4-8C-79,840D8EA48C79
86-0D-8E-A4-8C-79,860D8EA48C79,84-0D-8E-A4-8C-79,840D8EA48C79
86-0D-8E-A4-8C-79,860D8EA48C79,84-0D-8E-A4-8C-79,840D8EA48C79
86-0D-8E-A4-8C-79,860D8EA48C79,84-0D-8E-A4-8C-79,840D8EA48C79
86-0D-8E-A4-8C-79,860D8EA48C79,84-0D-8E-A4-8C-79,840D8EA48C79
86-0D-8E-A4-8C-79,860D8EA48C79,84-0D-8E-A4-8C-79,840D8EA48C79
86-0D-8E-A4-8C-79,860D8EA48C79,84-0D-8E-A4-8C-79,840D8EA48C79
86-0D-8E-A4-8C-79,860D8EA48C79,84-0D-8E-A4-8C-79,840D8EA48C79
86-0D-8E-A4-8C-79,860D8EA48C79,84-0D-8E-A4-8C-79,840D8EA48C79
86-0D-8E-A4-8C-79,860D8EA48C79,84-0D-8E-A4-8C-79,840D8EA48C79
86-0D-8E-A4-8C-79,860D8EA48C79,84-0D-8E-A4-8C-79,840D8EA48C79
86-0D-8E-A4-8C-79,860D8EA48C79,84-0D-8E-A4-8C-79,840D8EA48C79
86-0D-8E-A4-8C-79,860D8EA48C79,84-0D-8E-A4-8C-79,840D8EA48C79
86-0D-8E-A4-8C-79,860D8EA48C79,84-0D-8E-A4-8C-79,840D8EA48C79
86-0D-8E-A4-8C-79,860D8EA48C79,84-0D-8E-A4-8C-79,840D8EA48C79
86-0D-8E-A4-8C-79,860D8EA48C79,84-0D-8E-A4-8C-79,840D8EA48C79
86-0D-8E-A4-8C-79,860D8EA48C79,84-0D-8E-A4-8C-79,840D8EA48C79
86-0D-8E-A4-8C-79,860D8EA48C79,84-0D-8E-A4-8C-79,840D8EA48C79
